question_id,question,context_ids,context_tokens,retrieval_auto,facts_in_context,answer,answer_auto,facts_in_answer,retrieval_label_suggested,answer_label_suggested,suggestion_reason,retrieval_label_final,answer_label,notes
Q1,What are the two main diagnostic criteria for Type 2 diabetes based on HbA1c and fasting plasma glucose?,A-003 A-001 A-000,600,yes,HbA1c threshold; FPG threshold,,,,partial,,DISAGREES with auto (yes). A-003 starts mid-row: '126 mg/dL or higher' has neither its row label (FPG) nor the column headers; the header chunk A-002 is not in context. HbA1c 6.5% keeps its row label but not the 'Diabetes' column header.,partial,,"Overrides auto yes: A-003 starts mid-row, so '126 mg/dL' has no FPG label or Diabetes column header; header chunk A-002 not in context."
Q2,What HbA1c range indicates prediabetes?,A-003 A-002 A-010,484,yes,lower bound; upper bound,,,,yes,,A-002 (header) and A-003 (HbA1c row) are both in context.,yes,,
Q3,Name three first-line oral medications used to treat Type 2 diabetes.,A-004 A-003 A-005,600,yes,Metformin; Sulfonylureas; DPP-4 inhibitors; SGLT2 inhibitors; GLP-1 receptor agonists,,,,yes,,"Confirmed auto label: Metformin; Sulfonylureas; DPP-4 inhibitors; SGLT2 inhibitors; GLP-1 receptor agonists present in context, with their labels/headings.",yes,,
Q4,What are the classic symptoms of hyperglycemia?,A-002 A-001 A-008,600,yes,thirst; frequent urination; hunger; weight loss; fatigue; blurred vision; slow-healing sores / infections; tingling / numbness,,,,yes,,"Confirmed auto label: thirst; frequent urination; hunger; weight loss; fatigue; blurred vision; slow-healing sores / infections; tingling / numbness present in context, with their labels/headings.",yes,,
Q5,What lifestyle modifications are recommended for managing Type 2 diabetes?,A-010 A-004 A-009,484,partial,weight loss 5-7%; 150 min/week exercise; diet; smoking cessation; limit alcohol,,,,partial,,"Only §5.1 facts in context; §8 (self-management tips) not retrieved, so one of the two source sections is missing.",partial,,
Q6,Name two microvascular complications of diabetes.,A-006 A-005 A-007,600,yes,retinopathy; nephropathy; neuropathy,,,,yes,,A-006 has all three complications; the '6.1 Microvascular' heading is cut off but 'These affect small blood vessels' is present.,yes,,
Q7,Name two macrovascular complications of diabetes.,A-006 A-005 A-000,600,yes,coronary artery disease; cerebrovascular disease; peripheral vascular disease,,,,yes,,"Confirmed auto label: coronary artery disease; cerebrovascular disease; peripheral vascular disease present in context, with their labels/headings.",yes,,
Q8,How often should HbA1c be monitored in someone with stable Type 2 diabetes?,A-007 A-003 A-010,484,yes,every 3-6 months,,,,yes,,"Confirmed auto label: every 3-6 months present in context, with their labels/headings.",yes,,
Q9,What blood glucose target range is recommended for most adults with Type 2 diabetes?,A-003 A-000 A-001,600,N/A,,,,,N/A,,"Unanswerable: the document gives no glucose target range, so retrieval is not scored.",N/A,,
Q10,What symptoms should prompt someone to seek emergency medical care?,A-008 A-009 A-007,600,yes,very high glucose (>300 mg/dL) with nausea/vomiting/confusion; severe low blood sugar; heart attack / stroke signs; worsening foot wound,,,,yes,,"Confirmed auto label: very high glucose (>300 mg/dL) with nausea/vomiting/confusion; severe low blood sugar; heart attack / stroke signs; worsening foot wound present in context, with their labels/headings.",yes,,
